Mixture,B cell,Dendritic cell,Macrophage,NK cell,T cell,Basophil,Monocyte,Neutrophil,P-value,Correlation,RMSE,Absolute score (sig.score)
Muscle..cell,2.3237530301204,0,0.722504885999245,1.37627809211996,0,1.02119260713777,0,0,0,0.12190486595648,1.15304397576825,5.44372861537739
Secretory.alveoli.cell,2.48113056962178,0.0738525275622394,0.175497401316482,0,0,0.852724283232085,0,0.380013730883806,0,0.410449243079542,0.93636099561902,3.96321851261639
Stromal.cell,9.09241185054247,0,0.589431375316289,0,0,1.2897528580169,0,0.265467070068542,0,0.149708531705051,1.13184505107957,11.2370631539442
