Mixture,B.cell,Dendritic.cell,Eosinophils,Macrophage,Mast.cell,Monocyte,Neutrophil,NK.cell,T.cell,Basophil,P-value,Correlation,RMSE
B.cell,0.694096461081709,0,0.11368006236883,0,0.0404632296172946,0,0.136996620333522,0.0147636265986449,0,0,0,0.466908504899516,0.93526176037827
Dendritic.cell,0.0979531921853102,0.298960977145476,0.174302231590437,0.0247244445889708,0,0,0,0.0997642979458703,0.0664439943733733,0.237850862170563,0,0.557079894544898,0.855210856579794
Macrophage,0,0,0.143660583871343,0.0186178162977342,0,0.311147647449654,0.450325875266347,0.0564829639007737,0,0.019765113214148,0,0.464688435602566,0.948535014032333
Mast.cell,0,0.13262012715841,0.229286655256787,0.217813462940151,0.348598429418477,0,0,0.0716813252261751,0,0,0,0.449599400112125,0.947757248139143
Monocyte,0,0,0.224425549896465,0.113333180109778,0,0,0.489247348789939,0.13373823339411,0.0227780117435621,0.0164776760661452,0,0.475355389608203,0.936122425938837
Neutrophil,0,0,0.168329892244463,0,0,0.0617556822503522,0.656718064484547,0.0472908660995401,0.03264727362134,0.0332582212997573,0,0.508434990069041,0.929025074532345
T.cell,0,0.0263470050486423,0.0759576532286338,0,0,0.0959653100360908,0.333441774931698,0.193562133109972,0.274726123644963,0,0,0.443929710584951,0.956508161937354
