Mixture,B.cell,Dendritic.cell,Eosinophils,Macrophage,Monocyte,Neutrophil,NK.cell,T.cell,Basophil,P-value,Correlation,RMSE
B.cell,0.808516156284249,0.112588817091997,0,0,0.00337836127138053,0.0670325362490381,0.0084841291033355,0,0,0,0.545906461698337,0.880523156691683
Macrophage,0.0297857209417843,0.266872097315782,0.102813861620433,0.291093252655153,0.106540978941097,0.0389609523946165,0,0.0627386709668234,0.10119446516431,0,0.348917405158198,0.999901805681813
Monocyte,0.0422533175520251,0.218251866986967,0.0872861499695391,0,0.199378035186731,0,0.05388103865644,0.117643332307254,0.281306259341044,0,0.419078354419093,0.945076433251262
Neutrophil,0,0.062933904616165,0.020019906250875,0,0.168274776769205,0.287540664287999,0.0612816917875563,0,0.399949056288199,0,0.435215903491931,0.972658680757916
NK.cell,0,0,0.0331093781038361,0,0.0738268198235721,0,0.811347326422804,0,0.0817164756497878,0,0.428524723664037,1.05544578646234
T.cell,0,0.0946608347258323,0.122964333877243,0,0,0,0,0.720601240521407,0.0617735908755173,0,0.575909815238705,0.849963853074183
